customer_id,name,email,phone,country,city,registration_date
CUST22768040,Rohit Chopra,rohit.chopra224@example.com,+91-7999270936,India,Kanpur,2025-12-31 20:15:08
CUST16525808,Priya Srivastava,priya.srivastava715@example.com,+91-8815115025,India,Jaipur,2025-02-26 20:15:08
CUST93008687,Kiran Kapoor,kiran.kapoor550@example.com,+91-7536124280,India,Hyderabad,2025-09-19 20:15:08
CUST26831067,Zoya Mishra,zoya.mishra82@example.com,+91-7999829240,India,Jaipur,2025-11-07 20:15:08
CUST48136760,Vikram Chopra,vikram.chopra651@example.com,+91-7735034881,India,Chennai,2026-02-06 20:15:08
CUST39656872,Rahul Jain,rahul.jain33@example.com,+91-8354860540,India,Ahmedabad,2026-02-06 20:15:08
CUST95724861,Meera Kapoor,meera.kapoor143@example.com,+91-8059257080,India,Hyderabad,2026-02-19 20:15:08
CUST58329500,Sneha Sharma,sneha.sharma113@example.com,+91-7656448479,India,Kanpur,2025-06-27 20:15:08
CUST03959807,Rohit Gupta,rohit.gupta699@example.com,+91-9306270004,India,Surat,2025-11-07 20:15:08
CUST21077975,Suresh Kapoor,suresh.kapoor109@example.com,+91-9685643886,India,Delhi,2025-09-30 20:15:08
CUST31999541,Kavya Verma,kavya.verma372@example.com,+91-8320763135,India,Bangalore,2026-02-24 20:15:08
CUST50789516,Gaurav Bhatia,gaurav.bhatia970@example.com,+91-9361388464,India,Thane,2025-02-26 20:15:08
CUST97673638,Deepa Kapoor,deepa.kapoor463@example.com,+91-7519709079,India,Hyderabad,2025-07-24 20:15:08
CUST05507000,Gaurav Jain,gaurav.jain339@example.com,+91-7304330003,India,Kolkata,2026-01-28 20:15:08
CUST45785244,Priya Jain,priya.jain97@example.com,+91-7416314667,India,Lucknow,2026-02-02 20:15:08
CUST48066078,Sanya Nair,sanya.nair112@example.com,+91-8067970820,India,Pune,2026-02-02 20:15:08
CUST42294850,Devika Iyer,devika.iyer554@example.com,+91-7063384488,India,Bangalore,2026-01-13 20:15:08
CUST42403927,Akash Jain,akash.jain466@example.com,+91-8225136114,India,Pune,2025-11-28 20:15:08
CUST12070304,Nidhi Sharma,nidhi.sharma942@example.com,+91-9281169403,India,Bangalore,2025-12-20 20:15:08
CUST15621825,Deepa Bhatia,deepa.bhatia635@example.com,+91-7352116052,India,Indore,2026-01-16 20:15:08
CUST26321649,Nidhi Yadav,nidhi.yadav959@example.com,+91-7311570307,India,Thane,2025-11-03 20:15:08
CUST55130224,Aarav Patel,aarav.patel557@example.com,+91-8299301222,India,Delhi,2026-02-08 20:15:08
CUST82691115,Riya Verma,riya.verma279@example.com,+91-8210133979,India,Lucknow,2026-01-15 20:15:08
CUST68529068,Riya Iyer,riya.iyer46@example.com,+91-7015228622,India,Hyderabad,2026-01-02 20:15:08
CUST75400895,Kiran Desai,kiran.desai855@example.com,+91-8585770584,India,Bangalore,2025-12-14 20:15:08
CUST13878822,Raj Sharma,raj.sharma106@example.com,+91-8519038154,India,Pune,2025-08-23 20:15:08
CUST79217141,Suresh Sharma,suresh.sharma947@example.com,+91-8426725702,India,Surat,2026-01-30 20:15:08
CUST17304193,Tanvi Nair,tanvi.nair841@example.com,+91-7977515194,India,Chennai,2025-12-01 20:15:08
CUST38926395,Gaurav Agarwal,gaurav.agarwal962@example.com,+91-7118543408,India,Pune,2025-11-09 20:15:08
CUST92147365,Ananya Kapoor,ananya.kapoor395@example.com,+91-9476426797,India,Surat,2026-02-21 20:15:08
CUST45869714,Devika Kapoor,devika.kapoor972@example.com,+91-9852879124,India,Kanpur,2025-11-05 20:15:08
CUST87334421,Zoya Kumar,zoya.kumar431@example.com,+91-9855850145,India,Lucknow,2026-02-04 20:15:08
CUST54832763,Meera Yadav,meera.yadav453@example.com,+91-8899061865,India,Surat,2026-02-18 20:15:08
CUST97105638,Sanya Iyer,sanya.iyer770@example.com,+91-8008752943,India,Nagpur,2025-03-02 20:15:08
CUST10248046,Sanya Khanna,sanya.khanna200@example.com,+91-9990818727,India,Nagpur,2025-02-26 20:15:08
CUST16888728,Meera Pillai,meera.pillai713@example.com,+91-9224611603,India,Hyderabad,2025-08-09 20:15:08
CUST84869598,Nikhil Bhatia,nikhil.bhatia628@example.com,+91-9168005699,India,Thane,2026-01-13 20:15:08
CUST18478274,Nidhi Sharma,nidhi.sharma245@example.com,+91-8179387055,India,Thane,2026-02-14 20:15:08
CUST23512670,Nikhil Chauhan,nikhil.chauhan418@example.com,+91-8421124738,India,Hyderabad,2025-10-09 20:15:08
CUST24956873,Rahul Patel,rahul.patel7@example.com,+91-8510792572,India,Mumbai,2025-12-18 20:15:08
CUST75622403,Kavya Mishra,kavya.mishra696@example.com,+91-8736526879,India,Jaipur,2026-02-11 20:15:08
CUST16035061,Sneha Gupta,sneha.gupta473@example.com,+91-7780520225,India,Thane,2025-12-05 20:15:08
CUST23737820,Aditi Kapoor,aditi.kapoor20@example.com,+91-9316787198,India,Kolkata,2026-02-22 20:15:08
CUST09002862,Aditi Mehta,aditi.mehta485@example.com,+91-9875303857,India,Lucknow,2025-05-10 20:15:08
CUST67167189,Ananya Singh,ananya.singh111@example.com,+91-9485432021,India,Ahmedabad,2026-01-21 20:15:08
CUST91582636,Aarav Khanna,aarav.khanna825@example.com,+91-7519927529,India,Pune,2025-10-17 20:15:08
CUST56060444,Tanvi Singh,tanvi.singh371@example.com,+91-9729817240,India,Kolkata,2026-01-12 20:15:08
CUST15669748,Vivek Patel,vivek.patel607@example.com,+91-8152750071,India,Pune,2025-11-29 20:15:08
CUST82463081,Kiran Jain,kiran.jain218@example.com,+91-8523961606,India,Chennai,2025-11-22 20:15:08
CUST87209074,Tanvi Kapoor,tanvi.kapoor777@example.com,+91-8032183433,India,Chennai,2026-02-02 20:15:08
CUST70263545,Siddharth Pillai,siddharth.pillai436@example.com,+91-9363900493,India,Ahmedabad,2025-02-26 20:15:08
CUST32737961,Kiran Mehta,kiran.mehta757@example.com,+91-9079617090,India,Chennai,2025-08-29 20:15:08
CUST82337100,Ishaan Singh,ishaan.singh300@example.com,+91-9995384868,India,Delhi,2025-03-22 20:15:08
CUST85441094,Arjun Verma,arjun.verma842@example.com,+91-7280647907,India,Delhi,2025-05-28 20:15:08
CUST60153917,Meera Pillai,meera.pillai621@example.com,+91-9560345306,India,Surat,2025-11-08 20:15:08
CUST54489366,Tanvi Srivastava,tanvi.srivastava758@example.com,+91-7426204934,India,Nagpur,2025-04-22 20:15:08
CUST61100452,Suresh Iyer,suresh.iyer238@example.com,+91-8237401063,India,Chennai,2026-02-15 20:15:08
CUST69766945,Siddharth Khanna,siddharth.khanna664@example.com,+91-7639904576,India,Delhi,2026-01-31 20:15:08
CUST07589443,Zoya Kapoor,zoya.kapoor413@example.com,+91-8169288485,India,Delhi,2026-02-21 20:15:08
CUST00432098,Priya Sharma,priya.sharma590@example.com,+91-9521673791,India,Ahmedabad,2026-01-10 20:15:08
CUST07469156,Aarav Yadav,aarav.yadav504@example.com,+91-7391883149,India,Surat,2025-12-29 20:15:08
CUST31144647,Pooja Mehta,pooja.mehta38@example.com,+91-8953462417,India,Kolkata,2026-01-19 20:15:08
CUST17880840,Akash Kumar,akash.kumar531@example.com,+91-8553830525,India,Kolkata,2025-07-27 20:15:08
CUST02128406,Riya Pillai,riya.pillai819@example.com,+91-8027774780,India,Nagpur,2026-01-04 20:15:08
CUST04281961,Siddharth Gupta,siddharth.gupta956@example.com,+91-8253535854,India,Jaipur,2026-01-17 20:15:08
CUST44411571,Priya Kapoor,priya.kapoor72@example.com,+91-8186473561,India,Indore,2025-11-23 20:15:08
CUST72078568,Suresh Nair,suresh.nair458@example.com,+91-9313185971,India,Thane,2026-02-08 20:15:08
CUST73989238,Pooja Mehta,pooja.mehta421@example.com,+91-7187463722,India,Jaipur,2025-08-13 20:15:08
CUST97619193,Kiran Pillai,kiran.pillai103@example.com,+91-8891100776,India,Pune,2026-02-17 20:15:08
CUST74614936,Ananya Reddy,ananya.reddy666@example.com,+91-7344951668,India,Mumbai,2025-02-26 20:15:08
CUST68456262,Vikram Kumar,vikram.kumar233@example.com,+91-7388176285,India,Kolkata,2025-08-30 20:15:08
CUST12030342,Nidhi Chopra,nidhi.chopra422@example.com,+91-9430642523,India,Ahmedabad,2026-01-31 20:15:08
CUST08629142,Sanya Gupta,sanya.gupta262@example.com,+91-9864059081,India,Bangalore,2026-02-26 20:15:08
CUST50992964,Aarav Patel,aarav.patel310@example.com,+91-7855630484,India,Lucknow,2025-08-05 20:15:08
CUST33260830,Meera Pillai,meera.pillai886@example.com,+91-9945486396,India,Hyderabad,2025-09-30 20:15:08
CUST92763666,Suresh Bhatia,suresh.bhatia739@example.com,+91-9831163141,India,Indore,2025-09-21 20:15:08
CUST60703193,Sanya Desai,sanya.desai426@example.com,+91-7754368373,India,Thane,2025-08-31 20:15:08
CUST52199928,Devika Desai,devika.desai824@example.com,+91-7494650131,India,Jaipur,2026-02-17 20:15:08
CUST98799837,Nikhil Chauhan,nikhil.chauhan15@example.com,+91-8135840948,India,Nagpur,2026-01-03 20:15:08
CUST66589120,Rahul Chopra,rahul.chopra906@example.com,+91-9411226340,India,Kolkata,2026-02-12 20:15:08
CUST08934193,Kiran Srivastava,kiran.srivastava505@example.com,+91-7498733671,India,Lucknow,2025-06-30 20:15:08
CUST46794714,Ananya Jain,ananya.jain102@example.com,+91-9101729519,India,Pune,2025-10-31 20:15:08
CUST62423939,Riya Nair,riya.nair661@example.com,+91-8540492440,India,Mumbai,2026-01-09 20:15:08
CUST99802690,Aditi Mishra,aditi.mishra342@example.com,+91-8046120419,India,Hyderabad,2026-02-19 20:15:08
CUST85582775,Arjun Singh,arjun.singh284@example.com,+91-7621430136,India,Delhi,2026-01-12 20:15:08
CUST16007231,Arjun Sharma,arjun.sharma54@example.com,+91-7544423789,India,Nagpur,2026-01-10 20:15:08
CUST04354267,Sneha Nair,sneha.nair931@example.com,+91-9829967158,India,Kanpur,2025-09-20 20:15:08
CUST90446490,Priya Khanna,priya.khanna83@example.com,+91-8383459732,India,Lucknow,2025-10-26 20:15:08
CUST26539546,Riya Desai,riya.desai102@example.com,+91-7491404673,India,Bangalore,2025-06-06 20:15:08
CUST42344046,Vikram Verma,vikram.verma384@example.com,+91-7655579180,India,Pune,2025-12-11 20:15:08
CUST80078555,Sanya Pillai,sanya.pillai338@example.com,+91-9877685081,India,Delhi,2026-02-11 20:15:08
CUST67879635,Ananya Nair,ananya.nair218@example.com,+91-7664561034,India,Indore,2025-09-28 20:15:08
CUST18375889,Sanya Pillai,sanya.pillai839@example.com,+91-9670283403,India,Indore,2025-09-05 20:15:08
CUST98217330,Riya Yadav,riya.yadav891@example.com,+91-7615260464,India,Surat,2025-11-18 20:15:08
CUST16072433,Raj Yadav,raj.yadav739@example.com,+91-8393213895,India,Delhi,2025-08-31 20:15:08
CUST01662644,Suresh Singh,suresh.singh280@example.com,+91-7925861658,India,Thane,2025-12-06 20:15:08
CUST42646035,Suresh Reddy,suresh.reddy8@example.com,+91-7877990647,India,Kolkata,2025-11-29 20:15:08
CUST23071375,Kavya Iyer,kavya.iyer854@example.com,+91-9869245055,India,Nagpur,2025-12-21 20:15:08
CUST80098557,Tanvi Mehta,tanvi.mehta428@example.com,+91-8243458354,India,Pune,2026-02-23 20:15:08
CUST19463414,Ananya Mishra,ananya.mishra411@example.com,+91-9250402001,India,Kolkata,2026-02-13 20:15:08
CUST33151593,Akash Mishra,akash.mishra745@example.com,+91-9772156452,India,Kanpur,2026-02-23 20:15:08
CUST11676174,Varun Desai,varun.desai773@example.com,+91-9421225455,India,Delhi,2025-10-26 20:15:08
CUST95668610,Suresh Singh,suresh.singh453@example.com,+91-9711778437,India,Lucknow,2026-01-12 20:15:08
CUST53408088,Kavya Kapoor,kavya.kapoor630@example.com,+91-9551553388,India,Kolkata,2025-12-02 20:15:08
CUST57848634,Priya Mishra,priya.mishra155@example.com,+91-7265745534,India,Surat,2025-05-13 20:15:08
CUST06079563,Nikhil Chopra,nikhil.chopra940@example.com,+91-8215018687,India,Kanpur,2026-01-23 20:15:08
CUST57600627,Meera Nair,meera.nair673@example.com,+91-9588580274,India,Lucknow,2025-12-24 20:15:08
CUST51396359,Vikram Desai,vikram.desai318@example.com,+91-9400552009,India,Delhi,2025-09-08 20:15:08
CUST17999065,Meera Verma,meera.verma19@example.com,+91-8557345129,India,Indore,2026-01-26 20:15:08
CUST94210817,Kavya Gupta,kavya.gupta856@example.com,+91-9261436148,India,Kolkata,2026-02-17 20:15:08
CUST71318781,Aditi Yadav,aditi.yadav449@example.com,+91-7187657564,India,Thane,2026-01-16 20:15:08
CUST67722979,Nidhi Mehta,nidhi.mehta199@example.com,+91-8579864877,India,Ahmedabad,2026-02-05 20:15:08
CUST77541168,Sanya Singh,sanya.singh54@example.com,+91-9753842979,India,Ahmedabad,2025-04-09 20:15:08
CUST88272914,Pooja Mehta,pooja.mehta970@example.com,+91-7953645978,India,Kanpur,2025-08-10 20:15:08
CUST00529309,Varun Patel,varun.patel860@example.com,+91-9791559885,India,Thane,2025-10-27 20:15:08
CUST28617400,Kiran Desai,kiran.desai263@example.com,+91-7926230061,India,Mumbai,2025-06-22 20:15:08
CUST72126608,Varun Desai,varun.desai512@example.com,+91-9562974666,India,Delhi,2025-08-12 20:15:08
CUST14624609,Rahul Agarwal,rahul.agarwal70@example.com,+91-9259408103,India,Kanpur,2026-02-01 20:15:08
CUST80337302,Rahul Reddy,rahul.reddy673@example.com,+91-9698343112,India,Pune,2025-05-31 20:15:08
CUST05817466,Ananya Singh,ananya.singh831@example.com,+91-7579187439,India,Bangalore,2025-11-24 20:15:08
CUST27833384,Akash Patel,akash.patel38@example.com,+91-9778416511,India,Chennai,2025-08-10 20:15:08
CUST78313878,Devika Khanna,devika.khanna396@example.com,+91-8456151216,India,Indore,2025-05-27 20:15:08
CUST95870685,Deepa Pillai,deepa.pillai329@example.com,+91-7440654676,India,Kolkata,2026-01-11 20:15:08
CUST47144796,Akash Kumar,akash.kumar446@example.com,+91-8179206294,India,Chennai,2026-02-12 20:15:08
CUST63869167,Rohit Bhatia,rohit.bhatia36@example.com,+91-7542153826,India,Lucknow,2026-01-26 20:15:08
CUST35669375,Akash Jain,akash.jain543@example.com,+91-8576038028,India,Kolkata,2025-12-21 20:15:08
CUST90159177,Meera Kumar,meera.kumar220@example.com,+91-9627992499,India,Hyderabad,2025-08-03 20:15:08
CUST10179899,Kavya Pillai,kavya.pillai684@example.com,+91-8492180259,India,Delhi,2025-07-02 20:15:08
CUST21771329,Siddharth Chauhan,siddharth.chauhan812@example.com,+91-7596471620,India,Thane,2026-02-26 20:15:08
CUST53856039,Gaurav Pillai,gaurav.pillai737@example.com,+91-9055850987,India,Kolkata,2025-12-02 20:15:08
CUST51304518,Priya Nair,priya.nair565@example.com,+91-9747893988,India,Indore,2025-12-23 20:15:08
CUST58853192,Raj Gupta,raj.gupta971@example.com,+91-9228649039,India,Pune,2026-01-27 20:15:08
CUST19266065,Vivek Khanna,vivek.khanna595@example.com,+91-7662259333,India,Chennai,2026-02-11 20:15:08
CUST90809722,Deepa Yadav,deepa.yadav586@example.com,+91-8789226605,India,Indore,2026-01-07 20:15:08
CUST85632844,Riya Verma,riya.verma706@example.com,+91-7257324536,India,Ahmedabad,2025-03-15 20:15:08
CUST43183933,Deepa Patel,deepa.patel779@example.com,+91-8591458030,India,Ahmedabad,2026-01-10 20:15:08
CUST21410984,Priya Sharma,priya.sharma986@example.com,+91-7685904828,India,Kolkata,2025-11-30 20:15:08
CUST74543095,Varun Kumar,varun.kumar990@example.com,+91-8033921654,India,Hyderabad,2025-10-02 20:15:08
CUST04864584,Devika Singh,devika.singh904@example.com,+91-8135902437,India,Mumbai,2026-01-03 20:15:08
CUST00532345,Sneha Mehta,sneha.mehta846@example.com,+91-9676802207,India,Kolkata,2025-02-26 20:15:08
CUST93739715,Sanya Srivastava,sanya.srivastava513@example.com,+91-7172893522,India,Bangalore,2025-02-26 20:15:08
CUST34465361,Aditi Bhatia,aditi.bhatia632@example.com,+91-8285201700,India,Kanpur,2026-01-22 20:15:08
CUST54031438,Raj Kumar,raj.kumar894@example.com,+91-9955124970,India,Kanpur,2025-12-05 20:15:08
CUST97757516,Rohit Agarwal,rohit.agarwal635@example.com,+91-8632905061,India,Chennai,2026-01-14 20:15:08
CUST57144425,Arjun Yadav,arjun.yadav627@example.com,+91-9025530021,India,Mumbai,2026-01-17 20:15:08
CUST23653193,Vikram Bhatia,vikram.bhatia363@example.com,+91-9902833426,India,Jaipur,2026-02-22 20:15:08
CUST49229977,Suresh Yadav,suresh.yadav707@example.com,+91-9100252248,India,Surat,2025-11-04 20:15:08
CUST97216398,Kiran Pillai,kiran.pillai978@example.com,+91-7629110165,India,Jaipur,2025-12-04 20:15:08
CUST09672825,Kavya Bhatia,kavya.bhatia279@example.com,+91-7589582865,India,Kanpur,2026-02-20 20:15:08
CUST09221346,Ananya Srivastava,ananya.srivastava141@example.com,+91-7022254113,India,Hyderabad,2026-01-18 20:15:08
CUST98419369,Rahul Gupta,rahul.gupta92@example.com,+91-9801601713,India,Lucknow,2025-05-12 20:15:08
CUST94890871,Raj Jain,raj.jain767@example.com,+91-8243251189,India,Thane,2026-01-24 20:15:08
CUST51929549,Vivek Bhatia,vivek.bhatia872@example.com,+91-9165576952,India,Chennai,2026-02-07 20:15:08
CUST11421775,Nikhil Kapoor,nikhil.kapoor776@example.com,+91-7829621429,India,Nagpur,2025-12-07 20:15:08
CUST43409490,Deepa Srivastava,deepa.srivastava393@example.com,+91-8011556076,India,Indore,2025-02-26 20:15:08
CUST55232641,Nikhil Kapoor,nikhil.kapoor703@example.com,+91-9158308965,India,Chennai,2026-01-24 20:15:08
CUST92621176,Zoya Khanna,zoya.khanna426@example.com,+91-9358944233,India,Lucknow,2025-10-14 20:15:08
CUST27804705,Zoya Pillai,zoya.pillai64@example.com,+91-9352135602,India,Nagpur,2025-09-05 20:15:08
CUST51846748,Vivek Reddy,vivek.reddy457@example.com,+91-7238953970,India,Surat,2026-01-24 20:15:08
CUST55630202,Nikhil Desai,nikhil.desai75@example.com,+91-7194518221,India,Ahmedabad,2025-09-21 20:15:08
CUST99090477,Nidhi Mehta,nidhi.mehta747@example.com,+91-9774036963,India,Jaipur,2026-01-02 20:15:08
CUST89366563,Nidhi Mehta,nidhi.mehta183@example.com,+91-9307507627,India,Ahmedabad,2025-10-28 20:15:08
CUST98794743,Meera Reddy,meera.reddy236@example.com,+91-8063056115,India,Kanpur,2025-10-27 20:15:08
CUST18706698,Nikhil Mehta,nikhil.mehta247@example.com,+91-7885113834,India,Chennai,2025-11-25 20:15:08
CUST57074228,Akash Chopra,akash.chopra58@example.com,+91-7601877719,India,Ahmedabad,2026-02-15 20:15:08
CUST95578289,Priya Khanna,priya.khanna534@example.com,+91-7949371357,India,Indore,2025-07-22 20:15:08
CUST55716503,Nidhi Khanna,nidhi.khanna659@example.com,+91-9883394191,India,Mumbai,2026-01-10 20:15:08
CUST41374837,Meera Reddy,meera.reddy826@example.com,+91-8988677919,India,Kanpur,2026-02-01 20:15:08
CUST51226980,Zoya Bhatia,zoya.bhatia742@example.com,+91-7818112342,India,Pune,2026-02-21 20:15:08
CUST60085622,Aditi Kapoor,aditi.kapoor929@example.com,+91-8430070821,India,Lucknow,2025-11-10 20:15:08
CUST17779673,Kavya Agarwal,kavya.agarwal246@example.com,+91-9371162526,India,Thane,2025-10-12 20:15:08
CUST53254094,Kiran Khanna,kiran.khanna860@example.com,+91-8375391482,India,Ahmedabad,2026-02-24 20:15:08
CUST45212954,Zoya Iyer,zoya.iyer157@example.com,+91-7842637307,India,Kolkata,2025-12-01 20:15:08
CUST84662896,Kiran Jain,kiran.jain503@example.com,+91-8979245480,India,Surat,2026-01-26 20:15:08
CUST74956008,Deepa Mehta,deepa.mehta968@example.com,+91-9869963931,India,Bangalore,2025-10-23 20:15:08
CUST82705366,Aditi Agarwal,aditi.agarwal632@example.com,+91-9075346043,India,Bangalore,2026-02-03 20:15:08
CUST54075256,Sanya Pillai,sanya.pillai441@example.com,+91-7769945233,India,Mumbai,2025-10-07 20:15:08
CUST15823345,Ananya Chopra,ananya.chopra714@example.com,+91-7970049535,India,Hyderabad,2025-12-29 20:15:08
CUST96043467,Kavya Yadav,kavya.yadav85@example.com,+91-9146875428,India,Lucknow,2025-03-28 20:15:08
CUST99892965,Vikram Nair,vikram.nair278@example.com,+91-7199982132,India,Surat,2026-02-09 20:15:08
CUST56180218,Zoya Chauhan,zoya.chauhan841@example.com,+91-8710668371,India,Thane,2026-01-07 20:15:08
CUST55865377,Zoya Chauhan,zoya.chauhan706@example.com,+91-7336844365,India,Bangalore,2026-02-12 20:15:08
CUST48379370,Priya Mehta,priya.mehta280@example.com,+91-8935098341,India,Delhi,2025-04-18 20:15:08
CUST94660677,Pooja Jain,pooja.jain85@example.com,+91-8150931110,India,Jaipur,2025-06-16 20:15:08
CUST33094710,Arjun Mishra,arjun.mishra442@example.com,+91-8927768913,India,Kanpur,2026-01-21 20:15:08
CUST03053323,Rahul Sharma,rahul.sharma87@example.com,+91-9403191167,India,Delhi,2025-10-18 20:15:08
CUST31340444,Vivek Jain,vivek.jain79@example.com,+91-8551019709,India,Lucknow,2025-08-04 20:15:08
CUST64103838,Ishaan Jain,ishaan.jain451@example.com,+91-8437681124,India,Surat,2025-11-20 20:15:08
CUST39239926,Nidhi Verma,nidhi.verma503@example.com,+91-9473382684,India,Chennai,2025-11-27 20:15:08
CUST27391917,Tanvi Jain,tanvi.jain28@example.com,+91-8982652348,India,Pune,2026-01-24 20:15:08
CUST26874462,Siddharth Iyer,siddharth.iyer675@example.com,+91-7662040130,India,Nagpur,2026-02-15 20:15:08
CUST45559840,Siddharth Nair,siddharth.nair992@example.com,+91-8544167403,India,Delhi,2025-05-26 20:15:08
CUST76360963,Siddharth Sharma,siddharth.sharma771@example.com,+91-8424196985,India,Delhi,2025-05-22 20:15:08
CUST02756234,Tanvi Nair,tanvi.nair696@example.com,+91-9527974623,India,Mumbai,2025-10-28 20:15:08
CUST94290873,Siddharth Reddy,siddharth.reddy352@example.com,+91-8955638763,India,Kolkata,2026-01-07 20:15:08
CUST44633818,Tanvi Iyer,tanvi.iyer664@example.com,+91-7469709122,India,Kolkata,2026-01-05 20:15:08
CUST11592416,Sanya Gupta,sanya.gupta443@example.com,+91-8699013395,India,Jaipur,2025-09-22 20:15:08
CUST53727801,Aarav Srivastava,aarav.srivastava893@example.com,+91-9305920746,India,Ahmedabad,2025-05-26 20:15:08
CUST42856565,Deepa Mehta,deepa.mehta357@example.com,+91-8511763726,India,Hyderabad,2025-06-06 20:15:08
CUST68956321,Vikram Patel,vikram.patel383@example.com,+91-9978287288,India,Indore,2025-08-26 20:15:08
CUST55445991,Arjun Reddy,arjun.reddy171@example.com,+91-9102996505,India,Pune,2025-10-25 20:15:08
CUST86894135,Kavya Desai,kavya.desai669@example.com,+91-9125879326,India,Kolkata,2026-02-16 20:15:08
CUST74157202,Nidhi Yadav,nidhi.yadav296@example.com,+91-7722452036,India,Pune,2026-02-05 20:15:08
CUST55259577,Suresh Patel,suresh.patel452@example.com,+91-9346569443,India,Jaipur,2025-05-24 20:15:08
CUST87294384,Devika Nair,devika.nair121@example.com,+91-8017675569,India,Kanpur,2025-11-05 20:15:08
CUST76112203,Devika Singh,devika.singh288@example.com,+91-9563484242,India,Indore,2026-02-25 20:15:08
CUST25959817,Rahul Gupta,rahul.gupta422@example.com,+91-7254630933,India,Kanpur,2026-02-13 20:15:08
CUST82787645,Ishaan Verma,ishaan.verma276@example.com,+91-9696435541,India,Kanpur,2025-10-17 20:15:08
CUST68052939,Nidhi Mishra,nidhi.mishra336@example.com,+91-9499480048,India,Delhi,2026-02-26 20:15:08
CUST63052422,Aarav Chauhan,aarav.chauhan849@example.com,+91-8218023007,India,Lucknow,2026-02-05 20:15:08
CUST87870680,Kiran Sharma,kiran.sharma952@example.com,+91-7678534043,India,Surat,2025-11-22 20:15:08
CUST26161926,Nikhil Patel,nikhil.patel257@example.com,+91-7353993484,India,Pune,2025-10-06 20:15:08
CUST33626704,Manish Yadav,manish.yadav136@example.com,+91-9549834042,India,Mumbai,2025-10-21 20:15:08
CUST03186420,Gaurav Reddy,gaurav.reddy826@example.com,+91-7439921366,India,Mumbai,2026-01-27 20:15:08
CUST23886605,Ananya Kumar,ananya.kumar625@example.com,+91-9791815554,India,Thane,2025-09-28 20:15:08
CUST27964281,Deepa Patel,deepa.patel127@example.com,+91-9532200677,India,Kanpur,2026-01-25 20:15:08
CUST31205667,Sneha Mishra,sneha.mishra708@example.com,+91-7115209930,India,Pune,2026-01-10 20:15:08
CUST55720894,Vikram Yadav,vikram.yadav116@example.com,+91-8035438246,India,Hyderabad,2025-09-13 20:15:08
CUST80333845,Pooja Verma,pooja.verma177@example.com,+91-9022992405,India,Jaipur,2025-10-22 20:15:08
CUST02007565,Suresh Chauhan,suresh.chauhan426@example.com,+91-8819241774,India,Surat,2025-07-11 20:15:08
CUST56235285,Siddharth Mishra,siddharth.mishra401@example.com,+91-9518728422,India,Lucknow,2025-10-19 20:15:08
CUST67800446,Rohit Verma,rohit.verma317@example.com,+91-9860790008,India,Chennai,2025-11-16 20:15:08
CUST01043582,Sneha Yadav,sneha.yadav381@example.com,+91-7545162815,India,Delhi,2026-02-15 20:15:08
CUST83452964,Sneha Kapoor,sneha.kapoor524@example.com,+91-8546720356,India,Nagpur,2026-01-02 20:15:08
CUST17861708,Aditi Pillai,aditi.pillai13@example.com,+91-8050340486,India,Kolkata,2026-01-20 20:15:08
CUST91908762,Aditi Pillai,aditi.pillai255@example.com,+91-8787808459,India,Pune,2026-01-23 20:15:08
CUST03591899,Zoya Kumar,zoya.kumar71@example.com,+91-8997564262,India,Indore,2025-02-26 20:15:08
CUST04327723,Vikram Khanna,vikram.khanna996@example.com,+91-9118967967,India,Kolkata,2025-12-28 20:15:08
CUST04238890,Suresh Iyer,suresh.iyer674@example.com,+91-8616088091,India,Bangalore,2025-06-01 20:15:08
CUST52409709,Vikram Khanna,vikram.khanna919@example.com,+91-9232348845,India,Hyderabad,2025-10-28 20:15:08
CUST00180549,Nidhi Mehta,nidhi.mehta243@example.com,+91-8252738994,India,Kanpur,2025-08-18 20:15:08
CUST83429171,Ishaan Kumar,ishaan.kumar109@example.com,+91-7705985174,India,Kanpur,2025-12-04 20:15:08
CUST13744808,Nikhil Patel,nikhil.patel312@example.com,+91-9993068140,India,Pune,2025-11-14 20:15:08
CUST81793028,Riya Bhatia,riya.bhatia179@example.com,+91-7133496549,India,Indore,2025-12-06 20:15:08
CUST48108918,Meera Patel,meera.patel382@example.com,+91-9947572742,India,Delhi,2026-01-31 20:15:08
CUST59091680,Rohit Verma,rohit.verma868@example.com,+91-8423995953,India,Surat,2025-09-24 20:15:08
CUST15830612,Ananya Bhatia,ananya.bhatia192@example.com,+91-8181037719,India,Mumbai,2026-01-17 20:15:08
CUST66648403,Ishaan Patel,ishaan.patel430@example.com,+91-7856664739,India,Mumbai,2026-02-24 20:15:08
CUST95037473,Rohit Reddy,rohit.reddy580@example.com,+91-9157762617,India,Lucknow,2025-10-23 20:15:08
CUST05082843,Kiran Mishra,kiran.mishra599@example.com,+91-7999705716,India,Bangalore,2026-02-03 20:15:08
CUST25777959,Deepa Chopra,deepa.chopra398@example.com,+91-8523874287,India,Lucknow,2025-03-20 20:15:08
CUST58690795,Zoya Gupta,zoya.gupta577@example.com,+91-7808457424,India,Hyderabad,2025-02-26 20:15:08
CUST40225092,Varun Pillai,varun.pillai134@example.com,+91-8463548951,India,Bangalore,2025-05-03 20:15:08
CUST05978893,Siddharth Gupta,siddharth.gupta965@example.com,+91-9843867732,India,Mumbai,2026-01-01 20:15:08
CUST31197961,Meera Singh,meera.singh992@example.com,+91-9413674172,India,Kolkata,2026-02-25 20:15:08
CUST68372107,Siddharth Srivastava,siddharth.srivastava587@example.com,+91-8681915310,India,Hyderabad,2025-04-12 20:15:08
CUST69925917,Vikram Singh,vikram.singh244@example.com,+91-8489538120,India,Bangalore,2025-12-20 20:15:08
CUST76842202,Kiran Gupta,kiran.gupta111@example.com,+91-7005502537,India,Indore,2025-02-26 20:15:08
CUST41483387,Aditi Mishra,aditi.mishra592@example.com,+91-9795892991,India,Kanpur,2025-02-26 20:15:08
CUST47002138,Suresh Yadav,suresh.yadav165@example.com,+91-7322132937,India,Bangalore,2025-07-08 20:15:08
CUST98746640,Rahul Chauhan,rahul.chauhan340@example.com,+91-7882832553,India,Surat,2026-01-15 20:15:08
CUST22058134,Devika Nair,devika.nair302@example.com,+91-9843355206,India,Lucknow,2025-12-29 20:15:08
CUST02694174,Rohit Srivastava,rohit.srivastava917@example.com,+91-9839145425,India,Hyderabad,2025-07-10 20:15:08
CUST33104285,Ishaan Chauhan,ishaan.chauhan155@example.com,+91-9991319958,India,Bangalore,2026-01-11 20:15:08
CUST35955884,Sanya Chopra,sanya.chopra549@example.com,+91-9950934291,India,Lucknow,2026-02-04 20:15:08
CUST23805559,Vikram Pillai,vikram.pillai151@example.com,+91-7516606697,India,Ahmedabad,2025-11-19 20:15:08
CUST98149496,Suresh Patel,suresh.patel855@example.com,+91-9555710238,India,Bangalore,2025-03-29 20:15:08
CUST33324876,Ishaan Kumar,ishaan.kumar536@example.com,+91-8802141793,India,Delhi,2025-10-05 20:15:08
CUST55911778,Ananya Nair,ananya.nair902@example.com,+91-8476906868,India,Bangalore,2025-11-16 20:15:08
CUST65414664,Vivek Nair,vivek.nair406@example.com,+91-8423756197,India,Pune,2026-02-14 20:15:08
CUST42337388,Siddharth Jain,siddharth.jain702@example.com,+91-7421840452,India,Kanpur,2025-11-02 20:15:08
CUST94824612,Vikram Jain,vikram.jain844@example.com,+91-8748783374,India,Chennai,2025-02-26 20:15:08
CUST07074755,Sneha Pillai,sneha.pillai178@example.com,+91-7827912699,India,Indore,2026-02-08 20:15:08
CUST00313439,Vivek Iyer,vivek.iyer698@example.com,+91-7131267917,India,Hyderabad,2025-11-30 20:15:08
CUST49453828,Gaurav Mehta,gaurav.mehta93@example.com,+91-8224363672,India,Surat,2025-06-16 20:15:08
CUST87222265,Aarav Mishra,aarav.mishra886@example.com,+91-9930025537,India,Bangalore,2025-09-15 20:15:08
CUST18269772,Aarav Pillai,aarav.pillai917@example.com,+91-8616949739,India,Lucknow,2025-10-04 20:15:08
CUST23565099,Vikram Mehta,vikram.mehta860@example.com,+91-8607304606,India,Chennai,2025-10-02 20:15:08
CUST64323269,Rahul Verma,rahul.verma668@example.com,+91-8283298067,India,Chennai,2026-01-03 20:15:08
CUST08843104,Devika Desai,devika.desai303@example.com,+91-8114227340,India,Thane,2026-01-15 20:15:08
CUST75983766,Zoya Nair,zoya.nair488@example.com,+91-9885653126,India,Pune,2025-08-09 20:15:08
CUST16524775,Manish Reddy,manish.reddy935@example.com,+91-7786272577,India,Indore,2025-08-08 20:15:08
CUST37373228,Sanya Kumar,sanya.kumar482@example.com,+91-7230540762,India,Hyderabad,2025-06-26 20:15:08
CUST85832081,Vikram Verma,vikram.verma206@example.com,+91-8471755952,India,Ahmedabad,2025-05-05 20:15:08
CUST37746160,Nidhi Singh,nidhi.singh281@example.com,+91-7899290419,India,Bangalore,2025-12-01 20:15:08
CUST77144440,Suresh Gupta,suresh.gupta547@example.com,+91-7856477685,India,Ahmedabad,2025-12-04 20:15:08
CUST38166263,Sneha Mehta,sneha.mehta133@example.com,+91-7441128454,India,Thane,2025-08-16 20:15:08
CUST00945546,Meera Reddy,meera.reddy138@example.com,+91-8472026313,India,Bangalore,2025-10-22 20:15:08
CUST19942717,Vivek Pillai,vivek.pillai604@example.com,+91-9167384632,India,Nagpur,2025-10-02 20:15:08
CUST60825096,Deepa Chopra,deepa.chopra670@example.com,+91-7084790270,India,Kanpur,2025-08-17 20:15:08
CUST35416636,Aditi Chopra,aditi.chopra679@example.com,+91-9234711156,India,Ahmedabad,2025-06-03 20:15:08
CUST81711111,Ishaan Srivastava,ishaan.srivastava270@example.com,+91-9246895401,India,Pune,2026-01-07 20:15:08
CUST15964200,Devika Mehta,devika.mehta114@example.com,+91-9465967350,India,Chennai,2025-12-31 20:15:08
CUST70796492,Sanya Pillai,sanya.pillai52@example.com,+91-7428676004,India,Delhi,2026-02-14 20:15:08
CUST28370708,Varun Gupta,varun.gupta680@example.com,+91-9779696951,India,Indore,2025-11-13 20:15:08
CUST46808149,Deepa Kumar,deepa.kumar279@example.com,+91-8656635401,India,Thane,2026-02-22 20:15:08
CUST81179819,Siddharth Pillai,siddharth.pillai495@example.com,+91-9443593434,India,Lucknow,2025-12-12 20:15:08
CUST33068919,Sanya Patel,sanya.patel116@example.com,+91-8766452453,India,Surat,2025-11-23 20:15:08
CUST60857729,Nikhil Bhatia,nikhil.bhatia895@example.com,+91-8452990192,India,Chennai,2026-01-16 20:15:08
CUST62363859,Priya Reddy,priya.reddy56@example.com,+91-7050014313,India,Pune,2025-11-10 20:15:08
CUST41733255,Rohit Gupta,rohit.gupta388@example.com,+91-8732061472,India,Indore,2026-02-23 20:15:08
CUST45043970,Varun Jain,varun.jain414@example.com,+91-8770980600,India,Ahmedabad,2026-02-22 20:15:08
CUST06635269,Aditi Sharma,aditi.sharma373@example.com,+91-7233110260,India,Indore,2025-07-31 20:15:08
CUST56467172,Varun Jain,varun.jain350@example.com,+91-8525310290,India,Kolkata,2026-01-03 20:15:08
CUST57011771,Varun Verma,varun.verma626@example.com,+91-7841476312,India,Jaipur,2026-02-10 20:15:08
CUST47714985,Devika Chopra,devika.chopra791@example.com,+91-8934902523,India,Hyderabad,2025-11-29 20:15:08
CUST07545979,Nikhil Yadav,nikhil.yadav709@example.com,+91-9484872186,India,Ahmedabad,2025-09-01 20:15:08
CUST66384662,Deepa Desai,deepa.desai408@example.com,+91-8472567340,India,Pune,2026-01-28 20:15:08
CUST47727879,Kavya Patel,kavya.patel648@example.com,+91-7933479178,India,Bangalore,2025-10-31 20:15:08
CUST36969563,Devika Iyer,devika.iyer119@example.com,+91-8512849852,India,Lucknow,2026-02-16 20:15:08
CUST78288501,Rahul Pillai,rahul.pillai687@example.com,+91-7243115672,India,Lucknow,2026-02-20 20:15:08
CUST61072534,Devika Kapoor,devika.kapoor631@example.com,+91-9901362116,India,Chennai,2025-11-26 20:15:08
CUST63576603,Sneha Sharma,sneha.sharma427@example.com,+91-9942691532,India,Kanpur,2025-11-24 20:15:08
CUST72884267,Kiran Sharma,kiran.sharma377@example.com,+91-9527095794,India,Mumbai,2025-10-26 20:15:08
CUST71490971,Rahul Srivastava,rahul.srivastava42@example.com,+91-8840427040,India,Nagpur,2025-09-22 20:15:08
CUST18049095,Ishaan Sharma,ishaan.sharma793@example.com,+91-9685929361,India,Bangalore,2025-02-26 20:15:08
CUST75075957,Riya Yadav,riya.yadav164@example.com,+91-8786411073,India,Ahmedabad,2025-11-30 20:15:08
CUST38632964,Rahul Sharma,rahul.sharma575@example.com,+91-9788722772,India,Delhi,2026-01-10 20:15:08
CUST26920837,Aarav Chopra,aarav.chopra117@example.com,+91-8657324532,India,Ahmedabad,2025-08-18 20:15:08
CUST98384081,Ishaan Sharma,ishaan.sharma527@example.com,+91-7353670997,India,Mumbai,2026-01-19 20:15:08
CUST06784157,Ananya Gupta,ananya.gupta760@example.com,+91-8869331955,India,Lucknow,2025-12-18 20:15:08
CUST43007552,Rohit Chauhan,rohit.chauhan265@example.com,+91-8750769451,India,Mumbai,2026-02-17 20:15:08
CUST33107070,Meera Patel,meera.patel869@example.com,+91-7311769311,India,Pune,2026-02-23 20:15:08
CUST73074364,Manish Reddy,manish.reddy547@example.com,+91-7944316108,India,Chennai,2025-02-26 20:15:08
CUST16977395,Arjun Mishra,arjun.mishra569@example.com,+91-7607196157,India,Lucknow,2025-07-22 20:15:08
CUST55937934,Ananya Bhatia,ananya.bhatia662@example.com,+91-9201397080,India,Surat,2025-10-05 20:15:08
CUST62165079,Arjun Gupta,arjun.gupta563@example.com,+91-8981118951,India,Hyderabad,2025-12-25 20:15:08
CUST62159362,Rohit Sharma,rohit.sharma292@example.com,+91-9660800029,India,Chennai,2026-02-03 20:15:08
CUST46355334,Akash Iyer,akash.iyer5@example.com,+91-8345247256,India,Ahmedabad,2026-02-06 20:15:08
CUST81784335,Gaurav Jain,gaurav.jain180@example.com,+91-9772623033,India,Chennai,2026-01-22 20:15:08
CUST88176788,Riya Chauhan,riya.chauhan647@example.com,+91-7133978190,India,Indore,2025-11-22 20:15:08
CUST59559473,Varun Singh,varun.singh229@example.com,+91-9532315957,India,Nagpur,2025-09-27 20:15:08
CUST50302996,Sneha Khanna,sneha.khanna776@example.com,+91-9208200227,India,Ahmedabad,2025-10-18 20:15:08
CUST55817907,Arjun Patel,arjun.patel238@example.com,+91-7269986628,India,Bangalore,2026-01-18 20:15:08
CUST65739806,Ishaan Mehta,ishaan.mehta106@example.com,+91-9239279558,India,Mumbai,2025-02-26 20:15:08
CUST51636853,Rohit Kapoor,rohit.kapoor930@example.com,+91-7957345013,India,Surat,2025-09-17 20:15:08
CUST84465110,Priya Mishra,priya.mishra659@example.com,+91-8206067650,India,Indore,2025-11-20 20:15:08
CUST37128744,Devika Desai,devika.desai216@example.com,+91-9537427612,India,Bangalore,2025-11-03 20:15:08
CUST21515811,Deepa Verma,deepa.verma945@example.com,+91-7773255350,India,Mumbai,2025-12-22 20:15:08
CUST76204981,Priya Mishra,priya.mishra851@example.com,+91-8764230206,India,Thane,2026-01-23 20:15:08
CUST62734523,Riya Desai,riya.desai112@example.com,+91-7071135963,India,Surat,2026-01-04 20:15:08
CUST10460751,Devika Reddy,devika.reddy494@example.com,+91-9832069709,India,Indore,2025-09-07 20:15:08
CUST96448649,Arjun Srivastava,arjun.srivastava494@example.com,+91-8637398296,India,Thane,2026-02-25 20:15:08
CUST14282841,Manish Singh,manish.singh727@example.com,+91-7030554742,India,Pune,2026-02-11 20:15:08
CUST06633162,Raj Reddy,raj.reddy876@example.com,+91-9302552969,India,Jaipur,2026-02-21 20:15:08
CUST26747435,Nidhi Singh,nidhi.singh260@example.com,+91-8317064971,India,Surat,2026-02-21 20:15:08
CUST18127915,Raj Mehta,raj.mehta805@example.com,+91-8453579468,India,Kanpur,2025-07-06 20:15:08
CUST36884602,Tanvi Sharma,tanvi.sharma380@example.com,+91-7343768060,India,Bangalore,2025-10-02 20:15:08
CUST96575986,Riya Bhatia,riya.bhatia450@example.com,+91-7046000830,India,Thane,2025-12-10 20:15:08
CUST05521020,Devika Yadav,devika.yadav162@example.com,+91-7372987009,India,Hyderabad,2026-02-14 20:15:08
CUST35570028,Ishaan Mishra,ishaan.mishra937@example.com,+91-9503675679,India,Lucknow,2025-12-06 20:15:08
CUST61952410,Manish Mehta,manish.mehta302@example.com,+91-8460142398,India,Hyderabad,2025-12-10 20:15:08
CUST57243423,Ananya Reddy,ananya.reddy795@example.com,+91-8970738992,India,Thane,2026-02-03 20:15:08
CUST10696239,Sanya Patel,sanya.patel529@example.com,+91-9300607428,India,Ahmedabad,2025-12-19 20:15:08
CUST06809438,Aarav Kapoor,aarav.kapoor276@example.com,+91-7785053225,India,Chennai,2025-12-27 20:15:08
CUST72222883,Sneha Yadav,sneha.yadav798@example.com,+91-7458227039,India,Ahmedabad,2025-11-02 20:15:08
CUST08983388,Ananya Chauhan,ananya.chauhan589@example.com,+91-8179969405,India,Surat,2025-10-27 20:15:08
CUST25074553,Pooja Gupta,pooja.gupta703@example.com,+91-7750761833,India,Pune,2026-02-21 20:15:08
CUST60253625,Nikhil Chopra,nikhil.chopra243@example.com,+91-8157099546,India,Kolkata,2025-12-31 20:15:08
CUST14473445,Pooja Srivastava,pooja.srivastava590@example.com,+91-9946398734,India,Kolkata,2025-10-30 20:15:08
CUST24319181,Gaurav Chopra,gaurav.chopra512@example.com,+91-7577551466,India,Nagpur,2025-12-03 20:15:08
CUST42800122,Vivek Verma,vivek.verma860@example.com,+91-9705237613,India,Nagpur,2025-07-05 20:15:08
CUST35920189,Ananya Patel,ananya.patel204@example.com,+91-9477568014,India,Chennai,2025-10-19 20:15:08
CUST23574064,Raj Verma,raj.verma980@example.com,+91-7622118862,India,Nagpur,2026-02-05 20:15:08
CUST65801232,Vikram Gupta,vikram.gupta274@example.com,+91-9600108647,India,Pune,2026-02-18 20:15:08
CUST48359410,Rohit Mishra,rohit.mishra746@example.com,+91-8007716123,India,Thane,2025-10-24 20:15:08
CUST11085037,Sanya Kapoor,sanya.kapoor86@example.com,+91-7446369090,India,Hyderabad,2026-02-23 20:15:08
CUST68322618,Ishaan Srivastava,ishaan.srivastava30@example.com,+91-7150989488,India,Delhi,2025-11-11 20:15:08
CUST49524961,Sanya Mehta,sanya.mehta612@example.com,+91-8960839066,India,Indore,2025-03-21 20:15:08
CUST65942034,Rohit Verma,rohit.verma160@example.com,+91-8303835765,India,Jaipur,2025-11-14 20:15:08
CUST25647277,Aarav Agarwal,aarav.agarwal612@example.com,+91-7993062551,India,Kolkata,2025-12-29 20:15:08
CUST45317332,Tanvi Agarwal,tanvi.agarwal433@example.com,+91-9685741915,India,Hyderabad,2025-10-24 20:15:08
CUST65210114,Gaurav Reddy,gaurav.reddy464@example.com,+91-8168807171,India,Chennai,2025-12-14 20:15:08
CUST31909214,Siddharth Srivastava,siddharth.srivastava9@example.com,+91-7999913493,India,Hyderabad,2025-11-23 20:15:08
CUST24743600,Akash Desai,akash.desai769@example.com,+91-7627442454,India,Ahmedabad,2025-03-18 20:15:08
CUST51823097,Aditi Kapoor,aditi.kapoor395@example.com,+91-8902502763,India,Delhi,2025-12-29 20:15:08
CUST70623991,Gaurav Bhatia,gaurav.bhatia746@example.com,+91-7181187132,India,Ahmedabad,2025-02-26 20:15:08
CUST42306924,Sneha Sharma,sneha.sharma16@example.com,+91-7718807242,India,Chennai,2025-05-16 20:15:08
CUST70074530,Tanvi Kapoor,tanvi.kapoor162@example.com,+91-9147136659,India,Pune,2026-01-31 20:15:08
CUST97031514,Akash Yadav,akash.yadav325@example.com,+91-9398096865,India,Thane,2026-02-18 20:15:08
CUST87037207,Tanvi Verma,tanvi.verma573@example.com,+91-8265789564,India,Nagpur,2026-02-14 20:15:08
CUST13728950,Rahul Pillai,rahul.pillai159@example.com,+91-8930090462,India,Surat,2026-02-24 20:15:08
CUST06310872,Kavya Kapoor,kavya.kapoor739@example.com,+91-7272050780,India,Ahmedabad,2026-02-14 20:15:08
CUST54563615,Sanya Sharma,sanya.sharma69@example.com,+91-7188021892,India,Hyderabad,2025-10-10 20:15:08
CUST01106346,Varun Desai,varun.desai605@example.com,+91-8099247629,India,Indore,2026-02-18 20:15:08
CUST70969846,Aditi Mehta,aditi.mehta370@example.com,+91-9396677171,India,Surat,2026-01-11 20:15:08
CUST78200399,Sneha Nair,sneha.nair100@example.com,+91-7434758564,India,Nagpur,2025-07-15 20:15:08
CUST16595577,Sneha Jain,sneha.jain591@example.com,+91-8537440949,India,Hyderabad,2026-02-24 20:15:08
CUST17556559,Sanya Patel,sanya.patel925@example.com,+91-8353580387,India,Thane,2025-08-06 20:15:08
CUST74765279,Rahul Kumar,rahul.kumar261@example.com,+91-8546224907,India,Pune,2026-01-17 20:15:08
CUST79559332,Nikhil Patel,nikhil.patel877@example.com,+91-8352505293,India,Mumbai,2026-02-11 20:15:08
CUST03135280,Aarav Kapoor,aarav.kapoor410@example.com,+91-9444115276,India,Delhi,2025-10-04 20:15:08
CUST34487806,Zoya Iyer,zoya.iyer39@example.com,+91-9475119635,India,Kanpur,2025-10-29 20:15:08
CUST73848826,Meera Chauhan,meera.chauhan617@example.com,+91-7049110293,India,Thane,2025-06-16 20:15:08
CUST30515207,Rohit Verma,rohit.verma403@example.com,+91-8913907148,India,Mumbai,2025-09-18 20:15:08
CUST47134752,Suresh Srivastava,suresh.srivastava409@example.com,+91-9155313861,India,Hyderabad,2025-08-13 20:15:08
CUST54616720,Nidhi Desai,nidhi.desai796@example.com,+91-8847118259,India,Ahmedabad,2026-01-17 20:15:08
CUST64335039,Kiran Yadav,kiran.yadav632@example.com,+91-8899277934,India,Delhi,2026-02-03 20:15:08
CUST92617072,Riya Desai,riya.desai636@example.com,+91-7634268193,India,Mumbai,2025-09-11 20:15:08
CUST61402525,Vikram Khanna,vikram.khanna265@example.com,+91-9357078276,India,Kolkata,2025-08-10 20:15:08
CUST60560127,Pooja Srivastava,pooja.srivastava633@example.com,+91-8165144965,India,Kanpur,2025-02-26 20:15:08
CUST32868086,Aditi Patel,aditi.patel237@example.com,+91-8635099223,India,Delhi,2025-12-24 20:15:08
CUST85154902,Priya Chopra,priya.chopra543@example.com,+91-8309653729,India,Ahmedabad,2026-01-01 20:15:08
CUST13362958,Kiran Pillai,kiran.pillai641@example.com,+91-8106724433,India,Kanpur,2025-08-28 20:15:08
CUST92331756,Vivek Mishra,vivek.mishra894@example.com,+91-9686607701,India,Jaipur,2026-01-07 20:15:08
CUST54364165,Sanya Jain,sanya.jain701@example.com,+91-7868915819,India,Hyderabad,2025-04-08 20:15:08
CUST75199199,Vikram Desai,vikram.desai326@example.com,+91-7291259085,India,Kanpur,2025-07-04 20:15:08
CUST38778444,Rahul Sharma,rahul.sharma957@example.com,+91-9735238728,India,Bangalore,2025-12-20 20:15:08
CUST11096665,Zoya Kapoor,zoya.kapoor237@example.com,+91-9952265565,India,Nagpur,2025-09-10 20:15:08
CUST71846134,Aarav Mehta,aarav.mehta168@example.com,+91-7830044665,India,Kanpur,2025-09-09 20:15:08
CUST99926221,Gaurav Bhatia,gaurav.bhatia978@example.com,+91-8886715571,India,Nagpur,2026-02-13 20:15:08
CUST34240733,Vikram Srivastava,vikram.srivastava627@example.com,+91-9456439760,India,Kanpur,2025-05-19 20:15:08
CUST14882590,Riya Sharma,riya.sharma397@example.com,+91-9216747224,India,Jaipur,2025-12-03 20:15:08
CUST23384460,Suresh Verma,suresh.verma530@example.com,+91-7610914498,India,Hyderabad,2025-07-28 20:15:08
CUST71796144,Nikhil Verma,nikhil.verma184@example.com,+91-8948543914,India,Delhi,2026-01-11 20:15:08
CUST26977114,Raj Iyer,raj.iyer372@example.com,+91-7366388824,India,Delhi,2025-05-28 20:15:08
CUST50138811,Priya Mishra,priya.mishra788@example.com,+91-7220376885,India,Pune,2025-12-29 20:15:08
CUST74611262,Nidhi Khanna,nidhi.khanna470@example.com,+91-9137294302,India,Kanpur,2026-02-25 20:15:08
CUST82544062,Vikram Pillai,vikram.pillai561@example.com,+91-8194485961,India,Surat,2025-05-16 20:15:08
CUST10310563,Riya Verma,riya.verma90@example.com,+91-7210588114,India,Mumbai,2026-02-15 20:15:08
CUST66657145,Ananya Nair,ananya.nair954@example.com,+91-7153931824,India,Bangalore,2026-01-11 20:15:08
CUST88780418,Akash Khanna,akash.khanna338@example.com,+91-9263674265,India,Kolkata,2025-02-27 20:15:08
CUST20595076,Nidhi Reddy,nidhi.reddy808@example.com,+91-8233460089,India,Kanpur,2025-02-26 20:15:08
CUST59315564,Nidhi Srivastava,nidhi.srivastava185@example.com,+91-9617377805,India,Chennai,2025-11-15 20:15:08
CUST14772640,Gaurav Khanna,gaurav.khanna359@example.com,+91-9406966240,India,Mumbai,2025-10-28 20:15:08
CUST66203571,Tanvi Verma,tanvi.verma342@example.com,+91-8466136834,India,Mumbai,2025-12-16 20:15:08
CUST13369764,Meera Singh,meera.singh643@example.com,+91-8978338959,India,Indore,2026-01-15 20:15:08
CUST74782735,Vivek Sharma,vivek.sharma214@example.com,+91-9479903972,India,Ahmedabad,2026-01-09 20:15:08
CUST92096853,Sanya Kumar,sanya.kumar610@example.com,+91-7501843874,India,Delhi,2025-10-14 20:15:08
CUST04424923,Vikram Khanna,vikram.khanna115@example.com,+91-8607244157,India,Kanpur,2025-09-10 20:15:08
CUST05791348,Tanvi Bhatia,tanvi.bhatia318@example.com,+91-8405905813,India,Thane,2025-08-20 20:15:08
CUST74750965,Arjun Chopra,arjun.chopra90@example.com,+91-8431468604,India,Hyderabad,2025-08-21 20:15:08
CUST77076222,Nikhil Bhatia,nikhil.bhatia546@example.com,+91-8370737909,India,Jaipur,2026-02-15 20:15:08
CUST12065233,Suresh Patel,suresh.patel145@example.com,+91-8216625499,India,Chennai,2025-12-06 20:15:08
CUST38500903,Raj Jain,raj.jain89@example.com,+91-8831656441,India,Delhi,2026-02-19 20:15:08
CUST33178097,Meera Gupta,meera.gupta582@example.com,+91-7566056427,India,Surat,2025-11-21 20:15:08
CUST36749182,Akash Patel,akash.patel373@example.com,+91-8683957564,India,Ahmedabad,2025-12-18 20:15:08
CUST83401482,Deepa Yadav,deepa.yadav357@example.com,+91-9596051033,India,Nagpur,2025-06-05 20:15:08
CUST87367544,Raj Desai,raj.desai636@example.com,+91-8046645121,India,Pune,2026-01-05 20:15:08
CUST02649536,Rahul Gupta,rahul.gupta178@example.com,+91-9845897967,India,Pune,2026-02-11 20:15:08
CUST54581901,Sanya Chauhan,sanya.chauhan834@example.com,+91-9561541734,India,Delhi,2026-02-08 20:15:08
CUST60215787,Suresh Mishra,suresh.mishra677@example.com,+91-7640879683,India,Ahmedabad,2025-09-05 20:15:08
CUST64282769,Nikhil Sharma,nikhil.sharma960@example.com,+91-8867138383,India,Pune,2025-11-01 20:15:08
CUST09412350,Siddharth Mehta,siddharth.mehta721@example.com,+91-9405311630,India,Surat,2026-02-14 20:15:08
CUST20456744,Varun Mehta,varun.mehta217@example.com,+91-9845362401,India,Indore,2026-02-16 20:15:08
CUST58342810,Deepa Pillai,deepa.pillai664@example.com,+91-7067464491,India,Hyderabad,2025-10-03 20:15:08
CUST06447641,Arjun Pillai,arjun.pillai522@example.com,+91-8821601641,India,Bangalore,2026-02-17 20:15:08
CUST24047729,Rahul Patel,rahul.patel591@example.com,+91-8576124271,India,Kolkata,2025-08-01 20:15:08
CUST35907587,Aditi Bhatia,aditi.bhatia287@example.com,+91-8996886326,India,Kanpur,2025-09-30 20:15:08
CUST47906730,Priya Chauhan,priya.chauhan352@example.com,+91-9297950359,India,Hyderabad,2026-02-16 20:15:08
CUST54749720,Suresh Agarwal,suresh.agarwal946@example.com,+91-9566829299,India,Ahmedabad,2026-02-16 20:15:08
CUST65562704,Sneha Khanna,sneha.khanna130@example.com,+91-9171518770,India,Mumbai,2025-02-26 20:15:08
CUST62276976,Akash Kapoor,akash.kapoor379@example.com,+91-7753334536,India,Bangalore,2025-12-31 20:15:08
CUST78301914,Ishaan Jain,ishaan.jain423@example.com,+91-8645689727,India,Bangalore,2026-01-01 20:15:08
CUST62736711,Gaurav Yadav,gaurav.yadav409@example.com,+91-9045400609,India,Kanpur,2025-08-07 20:15:08
CUST63254273,Kavya Pillai,kavya.pillai324@example.com,+91-9277421089,India,Pune,2025-03-06 20:15:08
CUST53866228,Sanya Bhatia,sanya.bhatia262@example.com,+91-9810382991,India,Thane,2025-02-26 20:15:08
CUST62675693,Raj Mishra,raj.mishra11@example.com,+91-9889662004,India,Nagpur,2025-09-09 20:15:08
CUST01422100,Aarav Chauhan,aarav.chauhan962@example.com,+91-9551805769,India,Pune,2025-12-31 20:15:08
CUST90637681,Sanya Iyer,sanya.iyer114@example.com,+91-9987809626,India,Kanpur,2026-02-16 20:15:08
CUST60497667,Deepa Kapoor,deepa.kapoor264@example.com,+91-7695638799,India,Ahmedabad,2025-08-28 20:15:08
CUST03928109,Suresh Chauhan,suresh.chauhan206@example.com,+91-9621226653,India,Nagpur,2025-11-19 20:15:08
CUST17269710,Meera Gupta,meera.gupta586@example.com,+91-8076303124,India,Delhi,2025-12-21 20:15:08
CUST46003133,Suresh Patel,suresh.patel4@example.com,+91-9213553149,India,Thane,2025-05-14 20:15:08
CUST47802367,Siddharth Pillai,siddharth.pillai125@example.com,+91-9436293936,India,Pune,2026-02-12 20:15:08
CUST30963838,Rahul Mehta,rahul.mehta779@example.com,+91-8245363002,India,Lucknow,2025-12-06 20:15:08
CUST03168630,Rohit Iyer,rohit.iyer648@example.com,+91-8881125866,India,Jaipur,2026-02-25 20:15:08
CUST17540535,Sneha Iyer,sneha.iyer855@example.com,+91-8929760035,India,Mumbai,2025-12-12 20:15:08
CUST37426598,Aarav Bhatia,aarav.bhatia550@example.com,+91-7639750957,India,Mumbai,2026-02-19 20:15:08
CUST07409626,Sneha Singh,sneha.singh15@example.com,+91-7739803849,India,Thane,2026-02-11 20:15:08
CUST74158147,Rohit Bhatia,rohit.bhatia226@example.com,+91-7271055863,India,Indore,2026-02-11 20:15:08
CUST89639518,Tanvi Iyer,tanvi.iyer813@example.com,+91-7915823748,India,Kolkata,2025-10-22 20:15:08
CUST02713125,Suresh Bhatia,suresh.bhatia137@example.com,+91-7429358638,India,Kolkata,2025-09-13 20:15:08
CUST18009752,Tanvi Verma,tanvi.verma711@example.com,+91-9044457991,India,Nagpur,2025-11-12 20:15:08
CUST65496014,Siddharth Desai,siddharth.desai974@example.com,+91-7378048132,India,Bangalore,2025-02-26 20:15:08
CUST02150375,Rohit Khanna,rohit.khanna225@example.com,+91-8993792569,India,Pune,2025-12-31 20:15:08
CUST01189419,Suresh Verma,suresh.verma56@example.com,+91-9769656194,India,Chennai,2026-01-17 20:15:08
CUST26841051,Manish Khanna,manish.khanna30@example.com,+91-9083322831,India,Pune,2025-06-25 20:15:08
CUST24547821,Priya Chopra,priya.chopra234@example.com,+91-7421182269,India,Thane,2026-01-27 20:15:08
CUST80504261,Gaurav Nair,gaurav.nair383@example.com,+91-7585853361,India,Pune,2025-02-26 20:15:08
CUST21601841,Nikhil Iyer,nikhil.iyer352@example.com,+91-7944263862,India,Chennai,2026-02-25 20:15:08
CUST79955245,Vivek Khanna,vivek.khanna883@example.com,+91-7929613915,India,Nagpur,2025-02-26 20:15:08
CUST04824299,Raj Pillai,raj.pillai936@example.com,+91-9464026104,India,Chennai,2026-02-21 20:15:08
CUST04705478,Vivek Agarwal,vivek.agarwal464@example.com,+91-9127233070,India,Mumbai,2025-06-02 20:15:08
CUST79126043,Gaurav Chauhan,gaurav.chauhan721@example.com,+91-8972604762,India,Kanpur,2025-11-27 20:15:08
CUST41718670,Vikram Singh,vikram.singh643@example.com,+91-7303648148,India,Ahmedabad,2025-02-26 20:15:08
CUST42957708,Meera Kumar,meera.kumar754@example.com,+91-7235414339,India,Chennai,2026-02-17 20:15:08
CUST03403675,Priya Yadav,priya.yadav793@example.com,+91-7879233902,India,Thane,2025-11-20 20:15:08
CUST14959272,Arjun Kumar,arjun.kumar362@example.com,+91-8148293223,India,Jaipur,2025-02-26 20:15:08
CUST03458458,Priya Yadav,priya.yadav922@example.com,+91-8255265844,India,Chennai,2025-11-28 20:15:08
CUST66981803,Nikhil Srivastava,nikhil.srivastava184@example.com,+91-8238551232,India,Nagpur,2025-10-29 20:15:08
CUST11129046,Akash Chopra,akash.chopra955@example.com,+91-7567053223,India,Chennai,2025-10-05 20:15:08
CUST70108853,Pooja Mehta,pooja.mehta593@example.com,+91-8472282494,India,Ahmedabad,2025-12-15 20:15:08
CUST56843171,Rohit Verma,rohit.verma267@example.com,+91-7974021007,India,Ahmedabad,2025-10-29 20:15:08
CUST81296151,Pooja Mehta,pooja.mehta180@example.com,+91-9975807892,India,Nagpur,2025-11-12 20:15:08
CUST20312150,Vivek Yadav,vivek.yadav325@example.com,+91-8476811694,India,Bangalore,2025-05-21 20:15:08
CUST95109799,Arjun Mehta,arjun.mehta160@example.com,+91-7018443885,India,Jaipur,2026-02-21 20:15:08
CUST74299515,Sneha Sharma,sneha.sharma929@example.com,+91-8898828806,India,Lucknow,2026-01-17 20:15:08
CUST06106233,Kiran Chopra,kiran.chopra623@example.com,+91-9754416885,India,Thane,2025-02-26 20:15:08
CUST92054605,Devika Singh,devika.singh200@example.com,+91-9106532688,India,Nagpur,2025-06-03 20:15:08
CUST63743033,Kiran Srivastava,kiran.srivastava457@example.com,+91-9409618453,India,Thane,2025-12-15 20:15:08
CUST98289481,Akash Iyer,akash.iyer602@example.com,+91-9568114320,India,Kanpur,2025-11-01 20:15:08
CUST48909704,Akash Desai,akash.desai937@example.com,+91-8173938509,India,Chennai,2026-01-18 20:15:08
CUST59182483,Nidhi Gupta,nidhi.gupta600@example.com,+91-8305302324,India,Kanpur,2026-02-01 20:15:08
CUST00298468,Pooja Sharma,pooja.sharma428@example.com,+91-7770398201,India,Hyderabad,2025-12-13 20:15:08
CUST12907558,Pooja Verma,pooja.verma644@example.com,+91-9945973202,India,Mumbai,2026-01-04 20:15:08
CUST70251463,Pooja Chopra,pooja.chopra55@example.com,+91-8171110251,India,Jaipur,2025-11-12 20:15:08
CUST25957107,Manish Nair,manish.nair557@example.com,+91-8385585907,India,Mumbai,2026-02-17 20:15:08
CUST66058053,Vikram Kumar,vikram.kumar497@example.com,+91-8769502913,India,Chennai,2025-02-26 20:15:08
CUST12186855,Kiran Gupta,kiran.gupta565@example.com,+91-7489483401,India,Hyderabad,2025-02-26 20:15:08
